Workbook

Sheet 0. Portada
B2: SISTEMA DE GESTIÓN DE LA CALIDAD (SGC)
B3: FASE DE ANÁLISIS — PROCESO DE ANÁLISIS DE LA INFORMACIÓN LEVANTADA
B5: MATRIZ DE HALLAZGOS
B7: Registro, valoración y priorización de hallazgos del análisis del proceso (problemas, oportunidades y mejoras)
B9: Código del documento: MH-SGC-001 · Marca de autoría: Pierre R.
B10: Plantilla genérica y referencial — adaptable a la normativa interna de cada organización
B12: CONTROL DE VERSIONES
B13: Versión | C13: Fecha | D13: Elaborado por | E13: Revisado por | F13: Aprobado por
B14: 01 | C14: [DD/MM/AAAA] | D14: Pierre R. — Consultor SGC | E14: [NOMBRE / CARGO] | F14: [NOMBRE / CARGO]
B16: GUÍA DE USO POR NIVEL
B17: Hoja "1. Básico" | C17: Registro simple de hallazgos: contexto, hallazgo, recomendación y referencia normativa.
B18: Hoja "2. Intermedio" | C18: Matriz con valoración de riesgo (Probabilidad × Impacto), causa preliminar y seguimiento de la acción.
B19: Hoja "3. Avanzado" | C19: Matriz integrada: causa raíz (5 Porqués), Pareto, vínculo PHVA, KPI afectado y trazabilidad con FB-SGC-003.

Sheet M. Normativo
A1: MARCO NORMATIVO Y DE BUENAS PRÁCTICAS APLICABLE
B2: NTP-ISO 9001:2015 (INACAL) | C2: Apartado 9.1.3 (análisis y evaluación de datos); 4.4.1 (enfoque a procesos); 6.1 (riesgos y oportunidades); 10.2-10.3 (no conformidad, acción correctiva y mejora continua). Adopción peruana equivalente de ISO 9001:2015.
B3: NTP-ISO 9000:2015 | C3: Fundamentos y vocabulario: toma de decisiones basada en evidencia; definiciones de conformidad y no conformidad.
B4: ISO 19011:2018 | C4: Directrices para auditoría: hallazgo = evidencia evaluada frente a criterio; clasificación de hallazgos (conformidad, no conformidad, oportunidad de mejora).
B5: ISO 31000:2018 | C5: Gestión del riesgo: valoración por probabilidad e impacto para priorizar hallazgos.
B6: BPM CBOK v4.0 (ABPMP) | C6: Análisis de procesos: identificación de problemas de desempeño, handoffs, tiempos y cuellos de botella sobre el AS-IS.
B7: D.S. N° 004-2013-PCM | C7: Política Nacional de Modernización de la Gestión Pública — gestión por procesos (aplicable a entidades públicas peruanas).
B8: Norma Técnica N° 001-2018-SGP (D.S. N° 123-2018-PCM) | C8: Implementación de la gestión por procesos en entidades de la administración pública (PCM/SGP).
B9: Ley N° 27658 | C9: Ley Marco de Modernización de la Gestión del Estado: eficiencia y mejora del servicio al ciudadano.
B10: Guía Peruana GP 1 (INACAL) | C10: Orientación para implementación del SGC en pequeñas empresas.
B11: Lean / Pareto / 5 Porqués | C11: Buenas prácticas: priorización 80/20, identificación de muda y análisis de causa raíz.
B12: [NORMATIVA INTERNA] | C12: Indicar Manual de Calidad, procedimientos o directivas internas usados como criterio (p. ej. MC-SGC-001, PR-SGC-XXX).

Sheet 1. Básico
A1: NIVEL BÁSICO — REGISTRO SIMPLE DE HALLAZGOS · Estructura: contexto → hallazgo → recomendación → referencia normativa (NTP-ISO 9001:2015, 9.1.3)
A2: N° | B2: Fecha | C2: Proceso / área | D2: Fuente del levantamiento | E2: Contexto | F2: Hallazgo (situación encontrada) | G2: Tipo (Problema / Oportunidad / Mejora) | H2: Recomendación | I2: Referencia normativa | J2: Responsable

Sheet 2. Intermedio
A1: NIVEL INTERMEDIO — MATRIZ CON VALORACIÓN DE RIESGO (ISO 31000:2018) Y SEGUIMIENTO DE ACCIONES (NTP-ISO 9001:2015, 6.1 y 10.2)
A2: N° | B2: Fecha | C2: Proceso / área | D2: Hallazgo | E2: Evidencia (fuente) | F2: Criterio incumplido / referencia | G2: Causa preliminar | H2: Probabilidad (1-5) | I2: Impacto (1-5) | J2: Riesgo (P×I) | K2: Nivel de riesgo | L2: Acción propuesta | M2: Responsable | N2: Plazo | O2: Estado
J3: =IF(AND(H3<>"",I3<>""),H3*I3,"") | K3: =IF(J3="","",IF(J3>=15,"ALTO",IF(J3>=8,"MEDIO","BAJO")))
J4: =IF(AND(H4<>"",I4<>""),H4*I4,"") | K4: =IF(J4="","",IF(J4>=15,"ALTO",IF(J4>=8,"MEDIO","BAJO")))
J5: =IF(AND(H5<>"",I5<>""),H5*I5,"") | K5: =IF(J5="","",IF(J5>=15,"ALTO",IF(J5>=8,"MEDIO","BAJO")))
J6: =IF(AND(H6<>"",I6<>""),H6*I6,"") | K6: =IF(J6="","",IF(J6>=15,"ALTO",IF(J6>=8,"MEDIO","BAJO")))
J7: =IF(AND(H7<>"",I7<>""),H7*I7,"") | K7: =IF(J7="","",IF(J7>=15,"ALTO",IF(J7>=8,"MEDIO","BAJO")))
J8: =IF(AND(H8<>"",I8<>""),H8*I8,"") | K8: =IF(J8="","",IF(J8>=15,"ALTO",IF(J8>=8,"MEDIO","BAJO")))
J9: =IF(AND(H9<>"",I9<>""),H9*I9,"") | K9: =IF(J9="","",IF(J9>=15,"ALTO",IF(J9>=8,"MEDIO","BAJO")))
J10: =IF(AND(H10<>"",I10<>""),H10*I10,"") | K10: =IF(J10="","",IF(J10>=15,"ALTO",IF(J10>=8,"MEDIO","BAJO")))
J11: =IF(AND(H11<>"",I11<>""),H11*I11,"") | K11: =IF(J11="","",IF(J11>=15,"ALTO",IF(J11>=8,"MEDIO","BAJO")))
J12: =IF(AND(H12<>"",I12<>""),H12*I12,"") | K12: =IF(J12="","",IF(J12>=15,"ALTO",IF(J12>=8,"MEDIO","BAJO")))
J13: =IF(AND(H13<>"",I13<>""),H13*I13,"") | K13: =IF(J13="","",IF(J13>=15,"ALTO",IF(J13>=8,"MEDIO","BAJO")))
J14: =IF(AND(H14<>"",I14<>""),H14*I14,"") | K14: =IF(J14="","",IF(J14>=15,"ALTO",IF(J14>=8,"MEDIO","BAJO")))
... J17: =IF(AND(H17<>"",I17<>""),H17*I17,"") | K17: =IF(J17="","",IF(J17>=15,"ALTO",IF(J17>=8,"MEDIO","BAJO")))
A19: Escala de riesgo: BAJO (1-6) monitorear · MEDIO (8-12) plan de acción · ALTO (15-25) acción inmediata y escalamiento a la dirección (cláusula 5.1).

Sheet 3. Avanzado
A1: NIVEL AVANZADO — MATRIZ INTEGRADA: CAUSA RAÍZ, PARETO, PHVA, KPI Y TRAZABILIDAD (NTP-ISO 9001:2015 9.1.3 / 10.2-10.3 · BPM CBOK 4.0 · Six Sigma)
A2: N° | B2: Fecha | C2: Proceso | D2: Hallazgo priorizado | E2: Evidencia | F2: Criterio / cláusula | G2: Categoría (Pareto) | H2: Frecuencia | I2: Causa raíz (5 Porqués / Ishikawa) | J2: Riesgo (P×I) | K2: KPI afectado | L2: Valor actual | M2: Meta | N2: Etapa PHVA | O2: Acción / iniciativa | P2: Ficha de brecha (FB-SGC-003) | Q2: Responsable | R2: Plazo | S2: Estado | T2: Verificación de eficacia (10.2.1.d)
A3: 1 | B3: 15/03/2026 | C3: Gestión de compras | D3: Órdenes de compra emitidas sin cotización mínima de 3 proveedores | E3: Muestreo de 40 OC: 14 sin cotización (Reporte RA-SGC-004) | F3: NTP-ISO 9001:2015 8.4.1 / Directiva interna PR-SGC-012 | G3: Proceso / Procedimiento | H3: 14 | I3: 5 Porqués → No existe control automático en el ERP que bloquee la emisión sin las 3 cotizaciones cargadas | J3: =4*4 -> 16 | K3: % OC conformes con política de compras | L3: 0.65 | M3: ≥ 95% | N3: Planear | O3: Configurar validación obligatoria de 3 cotizaciones en el flujo de aprobación del ERP | P3: FB-SGC-003-01 | Q3: Jefe de Logística | R3: 30/06/2026 | S3: En proceso | T3: Auditoría de seguimiento a 60 días: ≥ 95% de OC con 3 cotizaciones (muestra ≥ 30 OC)
A4: 2 | B4: 15/03/2026 | C4: Atención al cliente | D4: Reclamos sin respuesta dentro del plazo comprometido (48 h) | E4: Registro de tickets: 22 reclamos fuera de SLA en el trimestre | F4: NTP-ISO 9001:2015 9.1.2 / 10.2.1 | G4: Tiempo / Demora | H4: 22 | I4: Ishikawa (Método) → Falta de asignación automática de responsable y ausencia de alertas de vencimiento de SLA | J4: =3*5 -> 15 | K4: % reclamos atendidos dentro de SLA | L4: 0.71 | M4: ≥ 90% | N4: Hacer | O4: Implementar enrutamiento automático y alertas de SLA a 24 h y 40 h en la mesa de ayuda | P4: FB-SGC-003-02 | Q4: Coord. de Servicio | R4: 31/07/2026 | S4: Pendiente | T4: Medición mensual del SLA durante 3 meses: ≥ 90% sostenido
A5: 3 | B5: 16/03/2026 | C5: Producción | D5: Reprocesos por defectos de etiquetado en línea 2 | E5: Informe de calidad: 9 lotes reprocesados (3.2% de la producción) | F5: NTP-ISO 9001:2015 8.5.1 / 8.7 | G5: Defecto / Calidad | H5: 9 | I5: 5 Porqués → Plantilla de etiqueta desactualizada en la impresora; no hay verificación visual al inicio de turno | J5: =4*3 -> 12 | K5: Tasa de reprocesos línea 2 | L5: 3,2% | M5: ≤ 1,0% | N5: Verificar | O5: Estandarizar verificación de primera pieza (first-article) y control de versión de plantillas | P5: FB-SGC-003-03 | Q5: Supervisor de Planta | R5: 15/08/2026 | S5: En proceso | T5: Carta de control p durante 8 semanas: tasa ≤ 1,0% sin puntos fuera de control
A20: LEYENDA, CRITERIOS DE LLENADO E INTERPRETACIÓN AVANZADA
A21: ① PARETO 80/20 (Categoría · Frecuencia) | F21: ② RIESGO P×I (ISO 31000:2018) | K21: ③ CICLO PHVA (Mejora 10.2 / 10.3) | P21: ④ ESTADO Y VERIFICACIÓN DE EFICACIA
A22: • Ordene las CATEGORÍAS por FRECUENCIA descendente. | F22: • Riesgo = Probabilidad (1-5) × Impacto (1-5). | K22: • PLANEAR: definir causa raíz, meta y acción. | P22: • 🟥 Pendiente · 🟨 En proceso · 🟩 Cerrado · 🔴 Vencido.
A23: • El 20% de las causas suele explicar el 80% de los hallazgos. | F23: • 🟩 BAJO (1-7): monitorear y registrar. | K23: • HACER: ejecutar la acción / iniciativa. | P23: • El color del 'Estado' se asigna automáticamente.
A24: • Concentre las acciones en ese 20% vital (pocos vitales). | F24: • 🟨 MEDIO (8-12): plan de acción con responsable y plazo. | K24: • VERIFICAR: medir el KPI y comparar contra la meta. | P24: • Verificación de eficacia (10.2.1.d): evidencia de que
A25: • Categorías sugeridas: Proceso, Tiempo, Defecto, Documentación, Recurso, Comunicación, Tecnología. | F25: • 🟥 ALTO (15-25): acción inmediata + escalamiento a Dirección (cláusula 5.1). | K25: • ACTUAR: estandarizar lo que funciona o re-planear. | P25: • la acción eliminó la causa y el resultado se sostiene.
A26: • Cada hallazgo crítico → Ficha de Brecha FB-SGC-003. | F26: • El color de la columna 'Riesgo (P×I)' se asigna automáticamente. | K26: • Use los 5 Porqués o Ishikawa (6M) en la columna I. | P26: • Defina método, muestra y horizonte de verificación.
A27: • Consolide el ranking en el Reporte RA-SGC-004. | F27: • Priorice ALTO > MEDIO > BAJO al asignar recursos. | K27: • El KPI debe ser medible: Valor actual → Meta. | P27: • Solo cierre el hallazgo tras verificar eficacia real.
A29: TABLERO AUTOMÁTICO DEL NIVEL AVANZADO (cálculo en vivo sobre las filas 3:18)
A30: Hallazgos registrados | E30: Riesgo ALTO (≥15) | H30: Riesgo MEDIO (8-14) | K30: Acciones EN PROCESO | N30: Acciones PENDIENTES | Q30: Acciones CERRADAS / eficaces
A31: =COUNTA(D3:D18) -> 3 | E31: =COUNTIF(J3:J18,">=15") -> 2 | H31: =COUNTIFS(J3:J18,">=8",J3:J18,"<15") -> 1 | K31: =COUNTIF(S3:S18,"En proceso") -> 2 | N31: =COUNTIF(S3:S18,"Pendiente") -> 1 | Q31: =COUNTIF(S3:S18,"Cerrado") -> 0
A33: TRAZABILIDAD DOCUMENTAL DEL SGC Y NOTA DE AUTORÍA
A34: Flujo de evidencia: Matriz de Hallazgos (MH-SGC-001) → Ficha de Brechas (FB-SGC-003) → Reporte de Análisis (RA-SGC-004) → Revisión por la Dirección (NTP-ISO 9001:2015, 9.3). · Hallazgo = evidencia evaluada frente a un criterio (ISO 19011:2018).
A35: Código del documento: MH-SGC-001 (Nivel Avanzado) · Marca de autoría: Pierre R. — Consultor SGC · Plantilla genérica y referencial, adaptable a la normativa interna de cada organización.

Sheet 4. Resumen
A1: RESUMEN AUTOMÁTICO — CONTEO DE HALLAZGOS POR NIVEL Y ESTADO
A3: Hallazgos registrados — Nivel Básico | B3: =COUNTA('1. Básico'!F3:F17) -> 0
A4: Hallazgos registrados — Nivel Intermedio | B4: =COUNTA('2. Intermedio'!D3:D17) -> 0
A5: Hallazgos registrados — Nivel Avanzado | B5: =COUNTA('3. Avanzado'!D3:D17) -> 3
A6: Riesgo ALTO (Intermedio) | B6: =COUNTIF('2. Intermedio'!K3:K17,"ALTO") -> 0
A7: Riesgo MEDIO (Intermedio) | B7: =COUNTIF('2. Intermedio'!K3:K17,"MEDIO") -> 0
A8: Riesgo BAJO (Intermedio) | B8: =COUNTIF('2. Intermedio'!K3:K17,"BAJO") -> 0
A9: Acciones pendientes (Intermedio) | B9: =COUNTIF('2. Intermedio'!O3:O17,"Pendiente") -> 0
A10: Acciones verificadas eficaces (Avanzado) | B10: =COUNTIF('3. Avanzado'!S3:S17,"Verificado eficaz") -> 0
A12: Este resumen alimenta el Reporte de Análisis (RA-SGC-004) y la revisión por la dirección (NTP-ISO 9001:2015, 9.3.2).
